{"cameraMode":{"drawMode":0,"name":"Shaded","section":"Shading Mode"},"sceneLighting":false,"audioPlay":false,"sceneViewState":{"showFog":true,"showMaterialUpdate":false,"showSkybox":true,"showFlares":true,"showImageEffects":true,"showParticleSystems":true},"in2DMode":false,"pivot":{"x":385.6127624511719,"y":656.41552734375,"z":0.0},"rotation":{"x":0.001499938778579235,"y":0.008999869227409363,"z":0.000013499811757355928,"w":-0.9999583959579468},"size":3705.556640625,"orthographic":false}